{
	"credit": "Made with Blockbench",
	"texture_size": [32, 32],
	"textures": {
		"0": "./fabric",
		"1": "./rim",
		"particle": "./fabric"
	},
	"elements": [
		{
			"from": [0, -1, 0],
			"to": [16, 1, 16],
			"faces": {
				"north": {"uv": [8, 5, 12, 5.5], "texture": "#0"},
				"east": {"uv": [8, 5.5, 12, 6], "texture": "#0"},
				"south": {"uv": [8, 6, 12, 6.5], "texture": "#0"},
				"west": {"uv": [8, 6.5, 12, 7], "texture": "#0"},
				"up": {"uv": [4, 4, 0, 0], "texture": "#0"},
				"down": {"uv": [4, 4, 0, 8], "texture": "#0"}
			}
		},
		{
			"from": [2, 1, 2],
			"to": [14, 3, 14],
			"faces": {
				"north": {"uv": [6, 0, 12, 1], "texture": "#1"},
				"east": {"uv": [6, 1, 12, 2], "texture": "#1"},
				"south": {"uv": [6, 2, 12, 3], "texture": "#1"},
				"west": {"uv": [6, 3, 12, 4], "texture": "#1"},
				"up": {"uv": [6, 6, 0, 0], "texture": "#1"},
				"down": {"uv": [6, 6, 0, 12], "texture": "#1"}
			}
		},
		{
			"from": [3, 5, 2],
			"to": [13, 9, 12],
			"rotation": {"angle": 22.5, "axis": "x", "origin": [0, 0, 0]},
			"faces": {
				"north": {"uv": [6.5, 0, 9, 1], "texture": "#0"},
				"east": {"uv": [6.5, 1, 9, 2], "texture": "#0"},
				"south": {"uv": [6.5, 2, 9, 3], "texture": "#0"},
				"west": {"uv": [6.5, 3, 9, 4], "texture": "#0"},
				"up": {"uv": [6.5, 2.5, 4, 0], "texture": "#0"},
				"down": {"uv": [6.5, 2.5, 4, 5], "texture": "#0"}
			}
		},
		{
			"from": [4, 7, 3],
			"to": [12, 11, 11],
			"rotation": {"angle": 22.5, "axis": "x", "origin": [0, 0, 0]},
			"faces": {
				"north": {"uv": [6.5, 4, 8.5, 5], "texture": "#0"},
				"east": {"uv": [7, 7, 9, 8], "texture": "#0"},
				"south": {"uv": [0, 8, 2, 9], "texture": "#0"},
				"west": {"uv": [2, 8, 4, 9], "texture": "#0"},
				"up": {"uv": [6, 7, 4, 5], "texture": "#0"},
				"down": {"uv": [8, 5, 6, 7], "texture": "#0"}
			}
		},
		{
			"from": [5, 11, 4],
			"to": [11, 13, 10],
			"rotation": {"angle": 22.5, "axis": "x", "origin": [0, 0, 0]},
			"faces": {
				"north": {"uv": [9, 1, 10.5, 1.5], "texture": "#0"},
				"east": {"uv": [9, 1.5, 10.5, 2], "texture": "#0"},
				"south": {"uv": [2, 9, 3.5, 9.5], "texture": "#0"},
				"west": {"uv": [9, 2, 10.5, 2.5], "texture": "#0"},
				"up": {"uv": [5.5, 8.5, 4, 7], "texture": "#0"},
				"down": {"uv": [7, 7, 5.5, 8.5], "texture": "#0"}
			}
		},
		{
			"from": [6, 13, 0],
			"to": [10, 17, 4],
			"rotation": {"angle": 45, "axis": "x", "origin": [0, 0, 0]},
			"faces": {
				"north": {"uv": [6.5, 8.75, 7.5, 9.75], "texture": "#0"},
				"east": {"uv": [7.5, 8.75, 8.5, 9.75], "texture": "#0"},
				"south": {"uv": [8.5, 8.75, 9.5, 9.75], "texture": "#0"},
				"west": {"uv": [0, 9, 1, 10], "texture": "#0"},
				"up": {"uv": [10, 1, 9, 0], "texture": "#0"},
				"down": {"uv": [2, 9, 1, 10], "texture": "#0"}
			}
		},
		{
			"from": [7, 4, 17],
			"to": [9, 6, 19],
			"rotation": {"angle": -22.5, "axis": "x", "origin": [0, 0, 0]},
			"faces": {
				"north": {"uv": [3.5, 9, 4, 9.5], "texture": "#0"},
				"east": {"uv": [4, 9.25, 4.5, 9.75], "texture": "#0"},
				"south": {"uv": [4.5, 9.25, 5, 9.75], "texture": "#0"},
				"west": {"uv": [5, 9.25, 5.5, 9.75], "texture": "#0"},
				"up": {"uv": [6, 9.75, 5.5, 9.25], "texture": "#0"},
				"down": {"uv": [6.5, 9.25, 6, 9.75], "texture": "#0"}
			}
		},
		{
			"from": [6.5, 17, 0.5],
			"to": [9.5, 18, 3.5],
			"rotation": {"angle": 45, "axis": "x", "origin": [0, 0, 0]},
			"faces": {
				"north": {"uv": [2, 9.5, 2.75, 9.75], "texture": "#0"},
				"east": {"uv": [2.75, 9.5, 3.5, 9.75], "texture": "#0"},
				"south": {"uv": [9.5, 8, 10.25, 8.25], "texture": "#0"},
				"west": {"uv": [9.5, 8.25, 10.25, 8.5], "texture": "#0"},
				"up": {"uv": [9.75, 3.25, 9, 2.5], "texture": "#0"},
				"down": {"uv": [9.75, 3.25, 9, 4], "texture": "#0"}
			}
		},
		{
			"from": [3, 3, 2],
			"to": [13, 5, 5],
			"rotation": {"angle": 22.5, "axis": "x", "origin": [0, 0, 0]},
			"faces": {
				"north": {"uv": [8.5, 4, 11, 4.5], "texture": "#0"},
				"east": {"uv": [9, 7, 9.75, 7.5], "texture": "#0"},
				"south": {"uv": [8.5, 4.5, 11, 5], "texture": "#0"},
				"west": {"uv": [9, 7.5, 9.75, 8], "texture": "#0"},
				"up": {"uv": [9.5, 8.75, 7, 8], "texture": "#0"},
				"down": {"uv": [6.5, 8.5, 4, 9.25], "texture": "#0"}
			}
		}
	],
	"display": {
		"thirdperson_righthand": {
			"translation": [0, 2.75, 0],
			"scale": [0.25, 0.25, 0.25]
		},
		"thirdperson_lefthand": {
			"translation": [0, 2.75, 0],
			"scale": [0.25, 0.25, 0.25]
		},
		"firstperson_righthand": {
			"translation": [0, 2.75, 0],
			"scale": [0.25, 0.25, 0.25]
		},
		"firstperson_lefthand": {
			"translation": [0, 2.75, 0],
			"scale": [0.25, 0.25, 0.25]
		},
		"ground": {
			"translation": [0, -1.5, 0],
			"scale": [0.25, 0.25, 0.25]
		},
		"gui": {
			"rotation": [-157.25, -47.5, 180],
			"translation": [0, 1.75, 0],
			"scale": [0.75, 0.75, 0.75]
		},
		"head": {
			"rotation": [7, 0, 0],
			"translation": [0, 15.5, 1.5],
			"scale": [1.25, 1.25, 1.25]
		},
		"fixed": {
			"rotation": [-90, 0, 0],
			"translation": [0, 0, -9.5]
		}
	}
}