{
	"credit": "Made with Blockbench",
	"texture_size": [32, 32],
	"textures": {
		"0": "./cold_frog",
		"particle": "./cold_frog"
	},
	"elements": [
		{
			"name": "head",
			"from": [4.5, 3, 3],
			"to": [11.5, 6, 12],
			"faces": {
				"north": {"uv": [3, 7.33333, 5.33333, 8.33333], "texture": "#0"},
				"east": {"uv": [0, 7.33333, 3, 8.33333], "texture": "#0"},
				"south": {"uv": [8.33333, 7.33333, 10.66667, 8.33333], "texture": "#0"},
				"west": {"uv": [5.33333, 7.33333, 8.33333, 8.33333], "texture": "#0"},
				"up": {"uv": [5.33333, 7.33333, 3, 4.33333], "texture": "#0"},
				"down": {"uv": [10.5, 1.5, 7.5, 5.5], "texture": "#0"}
			}
		},
		{
			"name": "right_arm",
			"from": [11, 0, 3.5],
			"to": [13, 3, 6.5],
			"faces": {
				"north": {"uv": [1.02083, 11.66667, 1.66667, 12.66667], "texture": "#0"},
				"east": {"uv": [0, 11.66667, 1, 12.66667], "texture": "#0"},
				"south": {"uv": [2.66667, 11.66667, 3.33333, 12.66667], "texture": "#0"},
				"west": {"uv": [1.66667, 11.66667, 2.66667, 12.66667], "texture": "#0"},
				"up": {"uv": [1.66667, 11.66667, 1, 10.66667], "texture": "#0"},
				"down": {"uv": [2.33333, 10.66667, 1.66667, 11.66667], "texture": "#0"}
			}
		},
		{
			"name": "right_leg",
			"from": [2.5, 0, 9],
			"to": [5.5, 3, 13],
			"faces": {
				"north": {"uv": [5.66667, 9.66667, 6.66667, 10.66667], "texture": "#0"},
				"east": {"uv": [4.33333, 9.66667, 5.66667, 10.66667], "texture": "#0"},
				"south": {"uv": [8.33333, 9.66667, 9.33333, 10.66667], "texture": "#0"},
				"west": {"uv": [6.66667, 9.66667, 8.33333, 10.66667], "texture": "#0"},
				"up": {"uv": [7, 9.66667, 6, 8.33333], "texture": "#0"},
				"down": {"uv": [8, 8.33333, 7, 9.66667], "texture": "#0"}
			}
		},
		{
			"name": "right_leg",
			"from": [10.5, 0, 9],
			"to": [13.5, 3, 13],
			"faces": {
				"north": {"uv": [1.33333, 9.66667, 2.33333, 10.66667], "texture": "#0"},
				"east": {"uv": [0, 9.66667, 1.33333, 10.66667], "texture": "#0"},
				"south": {"uv": [4, 9.66667, 5, 10.66667], "texture": "#0"},
				"west": {"uv": [2.33333, 9.66667, 4, 10.6875], "texture": "#0"},
				"up": {"uv": [2.33333, 9.66667, 1.33333, 8.33333], "texture": "#0"},
				"down": {"uv": [3.33333, 8.33333, 2.33333, 9.66667], "texture": "#0"}
			}
		},
		{
			"name": "left_arm",
			"from": [3, 0, 3.5],
			"to": [5, 3, 6.5],
			"faces": {
				"north": {"uv": [1, 13.66667, 1.66667, 14.66667], "texture": "#0"},
				"east": {"uv": [0, 13.66667, 1, 14.66667], "texture": "#0"},
				"south": {"uv": [2.66667, 13.66667, 3.33333, 14.66667], "texture": "#0"},
				"west": {"uv": [1.66667, 13.66667, 2.66667, 14.66667], "texture": "#0"},
				"up": {"uv": [1.66667, 13.66667, 1, 12.66667], "texture": "#0"},
				"down": {"uv": [2.33333, 12.66667, 1.66667, 13.66667], "texture": "#0"}
			}
		},
		{
			"name": "body",
			"from": [4.5, 1, 3],
			"to": [11.5, 4, 12],
			"faces": {
				"north": {"uv": [4, 3.33333, 6.33333, 4.33333], "texture": "#0"},
				"east": {"uv": [1, 3.33333, 3.91667, 4.33333], "texture": "#0"},
				"south": {"uv": [9.33333, 3.33333, 11.66667, 4.33333], "texture": "#0"},
				"west": {"uv": [6.33333, 3.33333, 9.33333, 4.33333], "texture": "#0"},
				"up": {"uv": [5.33333, 7.33333, 3, 4.33333], "texture": "#0"},
				"down": {"uv": [8.66667, 0.33333, 6.33333, 3.33333], "texture": "#0"}
			}
		},
		{
			"name": "eyes",
			"from": [4.5, 6, 4],
			"to": [7.5, 8, 7],
			"faces": {
				"north": {"uv": [1, 2.66667, 2, 3.33333], "texture": "#0"},
				"east": {"uv": [0, 2.66667, 1, 3.33333], "texture": "#0"},
				"south": {"uv": [3, 2.66667, 4, 3.33333], "texture": "#0"},
				"west": {"uv": [2, 2.66667, 3, 3.33333], "texture": "#0"},
				"up": {"uv": [2, 2.66667, 1, 1.66667], "texture": "#0"},
				"down": {"uv": [2, 3.33333, 1, 4.33333], "texture": "#0"}
			}
		},
		{
			"name": "eyes",
			"from": [8.5, 6, 4],
			"to": [11.5, 8, 7],
			"faces": {
				"north": {"uv": [1.04167, 1, 2, 1.65], "texture": "#0"},
				"east": {"uv": [0, 1, 1, 1.66667], "texture": "#0"},
				"south": {"uv": [3, 1, 4, 1.66667], "texture": "#0"},
				"west": {"uv": [2, 1, 3, 1.66667], "texture": "#0"},
				"up": {"uv": [2, 1, 1, 0], "texture": "#0"},
				"down": {"uv": [2, 1.66667, 1, 2.66667], "texture": "#0"}
			}
		}
	],
	"display": {
		"thirdperson_righthand": {
			"rotation": [74.33, 39.03, 1.01],
			"translation": [0, 4, 2.25]
		},
		"thirdperson_lefthand": {
			"rotation": [73.9, 34.36, 1.67],
			"translation": [0, 2.5, 2.5]
		},
		"firstperson_righthand": {
			"rotation": [0, 45, 0],
			"translation": [0, 6.5, 0]
		},
		"firstperson_lefthand": {
			"rotation": [0, 45, 0],
			"translation": [0, 5.5, 0]
		},
		"ground": {
			"translation": [0, 5.75, 0]
		},
		"gui": {
			"rotation": [30, 225, 0],
			"translation": [0.25, 4.5, 0]
		},
		"head": {
			"translation": [0, 15, 0],
			"scale": [2.1, 2.1, 2.1]
		},
		"fixed": {
			"rotation": [-90, 0, 0],
			"translation": [0, 0, -25],
			"scale": [4, 4, 4]
		}
	}
}